step,time,dt,psi_mean,psi_rms,psi_max_abs,omega_mean,omega_rms,omega_max_abs,du_par_mean,du_par_rms,du_par_max_abs,db_par_mean,db_par_rms,db_par_max_abs,s_mean,s_rms,s_max_abs,alfvenic_energy,du_par_energy,db_par_energy,total_energy_proxy,total_energy,total_energy_rhs_dissipation,total_energy_rhs_forcing,total_energy_rhs_stratification,total_energy_rhs_total,auto_dissipation_enabled,auto_dissipation_nu_perp,auto_dissipation_nu_par,auto_dissipation_kd,auto_dissipation_ud,auto_dissipation_Ed
0,0.0,0.0,-2.5728625772849373e-20,0.45899141256240217,1.414953852530425,3.2663708028493957e-20,0.45466663523145906,1.507811538309917,-2.80579663777987e-20,0.4320349828392493,1.6180007154902132,1.0831433813014366e-19,0.4026011037705292,1.218551925785896,9.68793933422106e-21,0.4553606206747665,1.5267493442955575,0.43859984843174304,0.09332711319845521,0.0810438243786242,0.6129707860088225,0.75,0.0,0.0,0.0,0.0,1.0,1.000000000000001e-12,0.0,8.48528137423857,0.0,0.0
6,0.2901157538018128,0.050875226007448704,-2.168404344971009e-19,0.4330801963038268,1.2886001269732716,0.0,0.9183651724212627,3.180661413844053,0.0,1.116907642085044,3.4198234925192095,-1.734723475976807e-18,0.5291073251296204,1.8822335837959647,8.673617379884035e-19,1.0610435600396682,3.8758439169220296,0.42882030296349394,0.6237413404739862,0.13997728075291094,1.192538924190391,1.6364858327447482,-3.115270437710902e-10,0.0,3.053810797494531,3.053810797183004,1.0,1.000000000000001e-12,0.0,8.48528137423857,0.0,0.0
10,0.514582964280397,0.05872800042865068,-8.673617379884035e-19,0.4038628285362617,1.1530674921933117,0.0,0.9581074846042373,3.5060748471688195,-3.469446951953614e-18,1.7770790323653436,5.299779620110347,0.0,0.6954401680386372,2.4416063694258208,2.6020852139652106e-18,1.778602963414546,5.766179753418916,0.3816858030079215,1.5790049436362728,0.2418185136608039,2.202509260304998,3.2984534693618928,-1.2710413558386862e-09,0.0,7.387037040522327,7.387037039251286,1.0,2.000000000000002e-12,0.0,8.48528137423857,0.11359959878287151,0.006452434421814691
15,0.7895052115293835,0.05180070845175692,0.0,0.4149311950139076,1.2835572454443906,-5.204170427930421e-18,1.1030617234585773,4.260325301013889,3.469446951953614e-18,2.4689227318170492,7.080114275314363,0.0,0.9952025398210583,3.4372108429449524,8.673617379884035e-19,2.0880206802050467,7.881280527152334,0.41587878397794326,3.0477897278414803,0.4952140476331425,3.958882559452566,5.631250804545974,-1.1788864927009883e-08,0.0,8.499872915940028,8.499872904151163,1.0,2.000000000000002e-12,0.0,8.48528137423857,0.11359959878287151,0.006452434421814691
20,1.0122914283056355,0.04058141929570567,1.0842021724855044e-18,0.47895930151581967,1.4532097648182654,-1.0408340855860843e-17,1.5641673883069338,6.166870487375094,1.734723475976807e-18,2.951696590527201,8.574033741686563,-1.734723475976807e-17,1.4898084858170335,5.407703710815516,-7.806255641895632e-18,2.1592737708828937,8.402820288942976,0.6186116484408155,4.356256381264951,1.1097646622062212,6.084632691911988,8.453262422876374,-4.204024875399695e-08,0.0,12.694480000957244,12.694479958916995,1.0,4.000000000000004e-12,0.0,8.48528137423857,0.4560444352932591,0.1039882634809738
27,1.2598478810684859,0.031474599940201055,-1.734723475976807e-18,0.5830513785256521,1.7342317961306168,-1.5612511283791264e-17,1.9977314890613826,9.630581709253843,5.204170427930421e-18,3.432450594160647,10.113203004385522,6.938893903907228e-18,2.2602382048901757,8.264643851614942,3.469446951953614e-18,3.0052053577074314,12.301304412746196,0.8947896152934717,5.890858540676889,2.554338371422582,9.339986527392941,14.332764894153755,-2.787283662941157e-07,0.0,23.749281865656197,23.749281586927832,1.0,4.000000000000004e-12,0.0,8.48528137423857,0.4560444352932591,0.1039882634809738
36,1.521448337941193,0.028097402693937505,-6.938893903907228e-18,0.6773911425296454,1.9527620163042863,-2.3852447794681098e-17,2.3823098970019116,12.310486763923603,0.0,3.883771139707062,12.07551261308698,0.0,3.09121880318783,10.669468623846548,-6.938893903907228e-18,4.2383697899722,15.326954628983644,1.1080104292932398,7.541839132810744,4.7778168445909985,13.427666406694982,23.055703439954204,-1.7781574245201173e-06,0.0,33.33452521513867,33.33452343698124,1.0,8.000000000000008e-12,0.0,8.48528137423857,0.8841353489772825,0.39084765765559054
44,1.7502737669020325,0.027856022522272227,0.0,0.7247772960843833,2.1097876170314547,-2.862293735361732e-17,2.7946759278120044,16.877600283569624,6.938893903907228e-18,4.2275194147301045,13.224649444779082,-1.3877787807814457e-17,3.715559626904282,12.443688451891646,1.734723475976807e-17,5.027335042891576,16.067770113344693,1.223078648535368,8.935960200959984,6.902691670540543,17.061730520035894,30.78842855161756,-8.881387987290238e-06,0.0,33.79416774440166,33.79415886301368,1.0,1.6000000000000016e-11,0.0,8.48528137423857,1.4345047020329775,1.0289018700773607
54,2.0183555786033702,0.02625912371806362,3.469446951953614e-18,0.7502837289719042,2.143447305256902,-1.3877787807814457e-17,3.4780319921838485,24.036629362919363,6.938893903907228e-18,4.573740050853605,14.421820899231381,0.0,4.353864746442481,16.373560040043483,-3.469446951953614e-18,5.721047455675502,20.287132283771072,1.3091347447156207,10.459549026391167,9.478069115157323,21.24675288626411,39.56202567874604,-3.9466406141636935e-05,0.0,32.73772028702883,32.737680820622685,1.0,3.200000000000003e-11,0.0,8.48528137423857,2.154263209243415,2.320424987349868
64,2.266790329780441,0.02404546812437034,-3.469446951953614e-18,0.7695923646426861,2.3603891830893815,-1.5612511283791264e-17,4.320602614407779,29.50711194492834,0.0,4.864459461046734,16.155121677529554,2.7755575615628914e-17,4.950742118516957,19.992128568290433,-3.469446951953614e-18,6.508135237557638,25.101588179862915,1.4427517099759979,11.831482924083542,12.254923762028879,25.52915839608842,49.22015471110893,-0.00017965391045969778,0.0,38.88657870169878,38.88639904778832,1.0,6.400000000000006e-11,0.0,8.48528137423857,3.0191028160943874,4.557490907074531
74,2.502937180262194,0.023019099930645354,0.0,0.8004047582468555,2.8389649667832355,-1.6479873021779667e-17,5.533643155450378,37.22980276154654,1.3877787807814457e-17,5.150874315167251,18.53499284345287,-2.7755575615628914e-17,5.564333640912226,22.80306358343047,4.163336342344337e-17,7.555413498769131,30.20749399227215,1.6825621134010096,13.265753105324853,15.480904433693752,30.429219652419615,61.322877833206704,-0.0007429077337525899,0.0,51.26508252211597,51.264339614382216,1.0,1.2800000000000013e-10,0.0,8.48528137423857,4.006298321955072,8.02521312225001
86,2.7550257654057693,0.020108679802853496,0.0,0.8434557726953901,3.212996412076624,-2.2551405187698492e-17,7.294642706892496,42.22373330924266,0.0,5.55713915411853,22.273106447740354,0.0,6.212044936202239,25.896188513628424,0.0,8.848889380757656,38.40577826573521,2.045276085806442,15.440897789118605,19.294751144697933,36.780925019622984,77.21744384800002,-0.003163338632488213,0.0,63.07851440959799,63.0753510709655,1.0,2.5600000000000025e-10,0.0,8.48528137423857,5.106151435718997,13.03639124224759
100,3.003748904931801,0.016271438340987952,-6.938893903907228e-18,0.8858273846872311,3.2816783380918073,-1.0408340855860843e-17,9.716253164914827,47.48627594315684,0.0,6.178147565534705,26.171155891749407,0.0,6.75653193163408,30.338438246145543,-2.7755575615628914e-17,10.030175024772007,45.00004053615493,2.556217769714413,19.084753670761206,22.82536187159547,44.466333312071086,94.45488616110778,-0.013114387685768237,0.0,69.35784828329473,69.34473389560895,1.0,1.024000000000001e-09,0.0,8.48528137423857,7.697769931946296,29.62783096258824
116,3.264653837838502,0.015136101827203832,-6.938893903907228e-18,0.923203529620798,3.233565673161503,-3.469446951953614e-17,13.01902366321531,73.10268312418663,2.7755575615628914e-17,7.140860642359389,30.505137611992122,6.938893903907228e-17,7.163744782193303,29.41409165590589,-2.7755575615628914e-17,10.973724098747708,43.20636291582288,3.424875522666027,25.495945356798675,25.65961965220088,54.58044053166559,112.75416774463423,-0.07732400964227024,0.0,70.33000012942261,70.25267611978035,1.0,2.048000000000002e-09,0.0,8.48528137423857,8.967732642618603,40.21011437474362
134,3.5119140493245804,0.012059691989727289,-6.938893903907228e-18,0.9409749052586677,3.2304778344436595,-2.7755575615628914e-17,17.573361192544898,97.72616205940909,0.0,8.236785423877759,35.373291823879605,0.0,7.450419710353456,37.33843128433978,-6.245004513516506e-17,11.57242725136496,56.52253692053135,4.91599186754669,33.92231705950256,27.754376930211635,66.59268585726088,130.5057523592688,-0.3987353041738626,0.0,72.5141628985916,72.11542759441772,1.0,8.192000000000008e-09,0.0,8.48528137423857,11.22648629841886,63.0169973042932
155,3.7576434635666027,0.009881207955040636,3.469446951953614e-18,0.952942821830702,3.5124506591731617,6.938893903907228e-17,23.711273466221265,117.19623453333443,0.0,9.245609551725913,42.09485636184115,0.0,7.797663935244069,34.72055525284913,2.7755575615628914e-17,12.007845826950982,51.24276485239169,7.489939943471077,42.74064799148271,30.401781423503003,80.6323693584568,149.9650083609923,-2.2991716040812413,0.0,82.6891762363908,80.39000463230956,1.0,3.276800000000003e-08,0.0,8.48528137423857,13.077088774196381,85.50512540410651
181,4.009447205544587,0.009538875815134561,0.0,0.9786046770332721,3.7047303529605635,-1.491862189340054e-16,28.398958530343506,126.72807122983475,0.0,10.198505990005978,50.66791086666423,-1.734723475976807e-17,8.043751725021938,31.532095527571315,-4.85722573273506e-17,12.440234754224567,52.36535450294547,10.81495039631504,52.00476221409391,32.35097090689669,95.17068351730563,169.30670342406086,-15.616809285304528,0.0,98.37224503443588,82.75543574913135,1.0,2.6214400000000026e-07,0.0,8.48528137423857,14.920364339384104,111.30863600998244
210,4.255169769217531,0.0081533120034983,0.0,1.0158464118027546,4.057666396225469,-4.5102810375396984e-17,28.447359798133295,116.57591518191623,-1.3877787807814457e-17,9.995909411687437,41.02979623307301,-2.0816681711721685e-17,7.799181844369689,34.314235858415785,4.5102810375396984e-17,11.92091831136819,51.0491429791842,12.422106086621923,49.95910248333074,30.413618720772888,92.79482729072555,161.57768522580307,-103.2966221163018,0.0,105.07281295843151,1.776190842129708,1.0,2.097152000000002e-06,0.0,8.48528137423857,14.552898638219913,105.89342938715151
237,4.5044195124343664,0.00933533546139827,3.469446951953614e-18,1.0337429271763727,3.9146138504358814,-2.7755575615628914e-17,16.65358871363068,90.40105429305365,-1.3877787807814457e-17,7.510299049622238,30.616748008246276,-1.0408340855860843e-17,6.067371938679103,33.374666343781584,-7.45931094670027e-17,9.268862174875688,40.89859243428576,8.141849168538808,28.202295907378343,18.406501121135314,54.75064619705247,96.3533349427349,-273.1645281358382,0.0,93.54426076360825,-179.62026737223,1.0,8.388608000000008e-06,0.0,8.48528137423857,11.284665832938739,63.67184148054747
259,4.754558764357037,0.01181564904112321,6.938893903907228e-18,1.0407390286671783,3.327857636506835,-1.1102230246251565e-16,9.117390335421428,37.61867420633892,-5.551115123125783e-17,6.042805185785499,24.63402688484974,-2.42861286636753e-17,5.029009777926075,25.91304279313414,-2.7755575615628914e-17,7.944687653452388,41.43646655153966,5.152543068064645,18.257747256678062,12.645469673238033,36.05575999798074,65.74310638716685,-148.49934678788964,0.0,71.58679393445674,-76.9125528534329,1.0,2.4890088356217546e-05,0.0,8.48528137423857,6.668836640810903,22.23669107091102
279,5.003952445772843,0.013010182056230038,0.0,1.0569855865161317,3.414421207807496,-7.28583859910259e-17,6.809778788491954,28.278826499342294,-3.122502256758253e-17,5.89309845616554,23.172545925020287,-2.0816681711721685e-17,4.864361308330998,23.082364406379078,-5.551115123125783e-17,7.7479460302256316,35.573048374009346,4.251029743839061,17.36430470703033,11.831005468993826,33.44633991986322,61.48562566442511,-58.10916264182234,0.0,60.79837617422004,2.6892135323977016,1.0,4.148218953345265e-05,0.0,8.48528137423857,4.1220928203335525,8.49582460972271
299,5.252131351688472,0.012964870453125598,0.0,1.105083294075002,4.446839785732582,-7.979727989493313e-17,5.68156167260732,26.781450571510035,-2.7755575615628914e-17,6.022866615196563,21.741586740586527,-2.7755575615628914e-17,5.046872728018323,23.816947814479427,-8.326672684688674e-17,7.791281027914499,33.91265730012749,3.936315205302212,18.137461132224644,12.735462166407558,34.80923850393441,63.93479688544588,-36.93144032160031,0.0,59.08461646904067,22.153176147440355,1.0,5.108987937139823e-05,0.0,8.48528137423857,3.0833058098495925,4.753387358526126
318,5.513086135105937,0.01458191850230471,0.0,1.1323469259387153,3.914857336854661,-1.0928757898653885e-16,5.238729461241175,32.73154542073728,-4.163336342344337e-17,6.399185378420594,22.837160753242998,-4.163336342344337e-17,5.36553285341604,23.422772324988816,-9.71445146547012e-17,8.039150396958698,37.89616444475308,3.8003240727765903,20.47478675369596,14.394471400543438,38.66958222701599,70.51359718588813,-29.075111386573855,0.0,63.73174917021078,34.656637783636924,1.0,5.478424229718773e-05,0.0,8.48528137423857,2.6524176336341005,3.517659651606561
336,5.759122582248545,0.013548424380151972,-6.938893903907228e-18,1.1707028874943168,3.8330166133609653,-1.0755285551056204e-16,4.924671769454059,21.50989793768047,-6.245004513516506e-17,6.737867399574582,21.700959599041084,-8.326672684688674e-17,5.852070867657787,26.48359625132592,-8.326672684688674e-17,8.706928209080466,36.603141605506366,3.7097027156923237,22.699428547124967,17.123366720044483,43.53249798286177,81.12472638918815,-27.932067271805742,0.0,78.6026328514997,50.670565579693964,1.0,5.5470919978626695e-05,0.0,8.48528137423857,2.4696934787737943,3.0496929395489025
356,6.0029540028185435,0.012089595259512354,0.0,1.207313288454352,3.8961352999349312,-6.938893903907228e-17,4.635778664805257,21.057541357384213,-5.551115123125783e-17,7.140382577464967,26.95607259237078,-5.551115123125783e-17,6.3825023353825046,26.89014791395162,0.0,9.52581864124524,37.5946344828562,3.6329603982283425,25.492531676282624,20.368168030581558,49.49366010509252,94.3619577478658,-28.480883411306824,0.0,90.48337137954228,62.00248796823546,1.0,5.6221363485785656e-05,0.0,8.48528137423857,2.5550626760786668,3.264172639345139
375,6.257543966668948,0.014553485693850371,1.3877787807814457e-17,1.250108411262698,4.90350680662959,-1.1796119636642288e-16,4.514510483685413,21.257690158095762,-6.938893903907228e-18,7.539991269568835,28.143587826631517,2.7755575615628914e-17,6.950544078964999,25.850692282807216,-5.551115123125783e-17,10.351820857146441,45.70740808524462,3.532870419593062,28.425734172587124,24.1550314968177,56.113636088997886,109.20192025159763,-28.753816053076623,0.0,95.1842270052966,66.43041095221999,1.0,5.713054468664543e-05,0.0,8.48528137423857,2.6071336284479765,3.398572878292155
394,6.510544666270285,0.012077922979379941,0.0,1.2984831005651292,4.04124420652331,-1.1622647289044608e-16,4.320987916493897,19.523194466194724,1.3877787807814457e-17,8.006077080202619,28.406677556614987,-5.551115123125783e-17,7.465628643685725,27.389456661981562,-1.1102230246251565e-16,11.019126137216212,48.24974790973904,3.646034468212526,32.04863510707284,27.867805522710377,63.562475097995744,124.2139886442341,-31.23198492680249,0.0,99.65641949795967,68.42443457115718,1.0,5.859379718783234e-05,0.0,8.48528137423857,2.701494305534082,3.6490357414165353
414,6.759212966103274,0.01225592967517294,1.3877787807814457e-17,1.3243375359457903,4.693611596784562,-1.1622647289044608e-16,4.256045240122983,21.809537921224305,-1.9081958235744878e-17,8.491505142677758,29.418409708244745,-2.7755575615628914e-17,7.920543771173589,31.2514360632197,-2.220446049250313e-16,11.623052374376808,49.92973117121554,3.734244745761627,36.0528297940614,31.367506815538363,71.15458135536139,138.99783172522643,-34.42318079975835,0.0,103.62808604849694,69.20490524873858,1.0,5.971219735772777e-05,0.0,8.48528137423857,2.7372093720705393,3.7461575732753976
434,7.007248822863879,0.012249279386628373,2.7755575615628914e-17,1.325447212031427,4.332736044579065,-1.2836953722228372e-16,4.257475289116534,18.18640478154037,0.0,8.99600256382307,33.760707196702626,-8.326672684688674e-17,8.280930481720729,34.70710931153182,-1.249000902703301e-16,12.154107416537848,53.40323219923981,3.6951007248865486,40.464031064155634,34.28690482154575,78.44603661058792,152.61796974717356,-40.681326057522746,0.0,106.79193111937144,66.1106050618487,1.0,6.188319707193931e-05,0.0,8.48528137423857,2.9552196232240298,4.366661510744188
455,7.255607912379211,0.012112319464739564,0.0,1.338128743898969,4.614386202916739,-1.43982048506075e-16,4.26397561451346,22.883271651690066,-2.7755575615628914e-17,9.510687881430227,41.64390962507346,-8.326672684688674e-17,8.595824270220817,36.155370714938215,-4.85722573273506e-17,12.646075651007362,51.23225336649355,3.736999983780376,45.226591988991885,36.94409744225861,85.90768941503087,166.0310587874598,-48.25162957286726,0.0,115.47368940303346,67.2220598301662,1.0,6.491695172028335e-05,0.0,8.48528137423857,3.155284660711493,4.9779106450606205
475,7.501037607371832,0.012777512263098638,0.0,1.3772251454796025,4.6795310719701355,-1.4224732503009818e-16,4.2655411347085455,18.59447264859513,-1.3877787807814457e-17,10.035634219883406,44.70046542315836,0.0,8.89919927844129,36.496364845127175,-1.1102230246251565e-16,13.25621550542485,52.252335666064184,3.8494018917279433,50.3569770976474,39.597873898705,93.80425288808034,180.84848415887717,-55.16312646792916,0.0,130.7918558247992,75.62872935687004,1.0,6.816345840346973e-05,0.0,8.48528137423857,3.2855566041753885,5.397441099620255
496,7.761226252756709,0.011739678123994894,1.3877787807814457e-17,1.4261040565414862,4.501697487404699,-1.5265566588595902e-16,4.4050686196195645,19.46338545322245,2.0816681711721685e-17,10.665348168888023,44.88691009050338,-5.551115123125783e-17,9.217214943599748,40.09096797677793,-1.6653345369377348e-16,13.969513563079788,59.27666911184328,4.05622893292928,56.874825781801555,42.478525658259244,103.40958037299008,198.57787951229824,-59.36817717565463,0.0,144.59229078224615,85.22411360659152,1.0,7.097888881839582e-05,0.0,8.48528137423857,3.3879109905263833,5.7389704398647305
516,8.004014285987248,0.011541092705194374,0.0,1.4562774462731902,5.430496935166094,-1.3877787807814457e-16,4.690614735391677,21.555346520559183,-6.938893903907228e-17,11.336461514772882,42.06330979041818,-1.6653345369377348e-16,9.513535647416873,38.070601347369475,-8.326672684688674e-17,14.536218245871801,55.82118051053338,4.3465201541809755,64.25767983796331,45.253680257335795,113.85788024948008,216.16300354755225,-62.68861762693629,0.0,154.22125539885363,91.53263777191734,1.0,7.317049501692576e-05,0.0,8.48528137423857,3.39280570469161,5.755565274893966
540,8.258575106406695,0.010071657029319342,0.0,1.461670850462424,4.657920759779544,-1.5785983631388945e-16,5.114939350918154,27.244412363048795,-1.0408340855860843e-16,12.01424919501931,39.553968448248256,-8.326672684688674e-17,9.859410670173101,39.17078058202161,-5.551115123125783e-17,15.053518682115794,60.79861696082574,4.6889111084780914,72.17109186001106,48.6039893815616,125.46399235005075,235.2522564040708,-72.59551703644841,0.0,170.83228557065843,98.23676853421001,1.0,7.777885737307946e-05,0.0,8.48528137423857,3.758204610137761,7.062050945830359
565,8.501130126000692,0.009473949215218028,6.938893903907228e-18,1.4723788575518661,5.046724418394698,-1.7694179454963432e-16,5.255428552636284,35.7673163058666,0.0,12.59860278329236,41.18828572210745,-5.551115123125783e-17,10.130311064362216,43.124807721477545,-8.326672684688674e-17,15.46796198362651,65.58890322104735,4.964433790886958,79.36239604559098,51.311601130369766,135.6384309668477,251.5496510374845,-90.24195857222236,0.0,185.1814082808956,94.93944970867324,1.0,8.161139984456877e-05,0.0,8.48528137423857,3.9487868464795577,7.7964587794649844
591,8.752547295193905,0.009964987359923506,-6.938893903907228e-18,1.5327840704657225,5.302511478153246,-1.5612511283791264e-16,5.303020895834623,30.748908974676542,-2.7755575615628914e-17,13.162216609372054,46.66106364837612,-8.326672684688674e-17,10.327817189505113,49.2330729260215,-1.1102230246251565e-16,15.742866088855317,73.61053890673371,5.380870583634064,86.62197303601477,53.33190394991866,145.3347475695675,265.5828663462264,-105.99732316266042,0.0,193.41781172497872,87.4204885623183,1.0,8.645734545503746e-05,0.0,8.48528137423857,4.052119609554007,8.209836665066058
615,9.008036638658343,0.010284083054411182,-6.938893903907228e-18,1.600976611635315,5.533999370462757,-1.5612511283791264e-16,5.566478914876114,30.41300332849,-2.7755575615628914e-17,13.715635316481173,46.71587088516372,-1.1102230246251565e-16,10.415535661890548,46.377215688721655,-5.551115123125783e-17,15.7781330389459,72.72075906645762,5.910325555641819,94.0593260673528,54.24169156205688,154.2113431850515,275.6693949396709,-122.82754318681569,0.0,198.03178931716295,75.20424613034726,1.0,8.95964465276799e-05,0.0,8.48528137423857,4.26439903714434,9.092549573998788
639,9.25057516387003,0.010244805040505211,0.0,1.666364897698376,5.390613584281491,-1.5959455978986625e-16,6.008025688323076,31.882140062386483,0.0,14.149078557461074,45.688751438390156,-1.3877787807814457e-16,10.452462220191064,47.463663937020016,-1.1102230246251565e-16,15.726267060095314,75.98427612650747,6.376183555843928,100.09821201260237,54.626983232260756,161.10137880070704,282.5035404572363,-139.55544225502376,0.0,206.44644753037136,66.8910052753476,1.0,9.31763138515907e-05,0.0,8.48528137423857,4.405204288858703,9.702912413289553
667,9.508310748555722,0.008548365966855263,-6.938893903907228e-18,1.724772237933336,5.8971191443291255,-1.3530843112619095e-16,6.338671767404052,30.56321167778539,2.7755575615628914e-17,14.497933609698725,50.580379384314924,0.0,10.522020952577087,47.194307224204856,5.551115123125783e-17,15.766647578699898,65.34089737586972,7.003801259605636,105.09503947561598,55.35646246323561,167.45530319845722,289.9303031468421,-152.95978250254856,0.0,222.48740112033838,69.52761861778981,1.0,9.793441713653065e-05,0.0,8.48528137423857,4.626048877706955,10.70016410946689
696,9.752087114733195,0.008049990926866882,6.938893903907228e-18,1.781043312840415,5.844916073215886,-1.43982048506075e-16,6.845525680420507,29.139312025760105,5.551115123125783e-17,14.5984731015105,50.83783503102816,-1.6653345369377348e-16,10.591997244538977,49.151096977299886,1.1102230246251565e-16,15.673552263973882,70.13606765870358,7.725367086978265,106.55770844776279,56.09520281416063,170.3782783489017,292.8017461173729,-172.81757690068818,0.0,229.0738622505809,56.25628534989272,1.0,0.00010271621655519778,0.0,8.48528137423857,4.766669386512857,11.360568520159426
727,10.004986270977826,0.008555940218379873,-6.938893903907228e-18,1.856887996476976,6.490793864040061,-1.3183898417423734e-16,7.168838478238949,33.83228605241456,8.326672684688674e-17,14.585792096935235,48.233895983261405,0.0,10.708080293058977,47.221429547127926,1.1102230246251565e-16,15.721170498038163,77.91529237844875,8.375673810425674,106.3726655475092,57.33149178129902,172.07983113923387,296.14322741419693,-185.6391721940735,0.0,246.7998969509016,61.1607247568281,1.0,0.00010568010891489635,0.0,8.48528137423857,4.752125761220859,11.291349625229465
754,10.254770657829807,0.009222809145549838,0.0,1.977738941514355,5.799414202535886,-1.3877787807814457e-16,7.249877777740073,37.03974991026399,4.163336342344337e-17,14.64862786247487,50.160562979592754,-2.7755575615628914e-17,10.913620928677268,47.70506669717315,4.163336342344337e-17,16.084354197545355,74.25980902849042,8.86928801132122,107.29114912663752,59.553560887431225,175.71399802538997,305.1183003998868,-184.21025156924296,0.0,265.85296520446633,81.64271363522337,1.0,0.00010593438506034355,0.0,8.48528137423857,4.685288417318693,10.975963776730351
783,10.501822824595603,0.00820174403946639,1.734723475976807e-17,2.0739686922241205,7.141375378556135,-1.2836953722228372e-16,7.30895833325494,36.28379015361096,5.551115123125783e-17,14.659469197610907,57.24815706822927,-1.1102230246251565e-16,11.156821871954463,45.80199998697526,0.0,16.524097807633595,67.77895664814216,9.310355592053225,107.45001857785148,62.237337141260724,178.99771131116543,314.95741670861133,-193.16394511316784,0.0,280.6097022194553,87.44575710628746,1.0,0.00010737510374085534,0.0,8.48528137423857,4.820988214866897,11.620963683942756
815,10.75319002700699,0.007676687528756057,-6.938893903907228e-18,2.118934262633315,6.918138428688332,-1.5959455978986625e-16,7.924863180669257,37.27075647154517,1.5959455978986625e-16,14.706366081317388,55.8568124970824,-1.1102230246251565e-16,11.3117178740356,50.89326390566401,-1.1102230246251565e-16,16.75567765728547,71.1906408387888,9.977400117829186,108.13860165886129,63.97748063088824,182.09348240757873,321.87420115227786,-207.6908134387716,0.0,285.90987066909213,78.21905723032052,1.0,0.00011018628513829379,0.0,8.48528137423857,5.038021031646329,12.69082795765537
847,11.004459739892287,0.007424239407746319,1.0408340855860843e-17,2.195429819924251,7.671875031401686,-1.5959455978986625e-16,7.932463466086829,36.30815906564243,2.7755575615628914e-17,14.880367510690293,67.41091941899221,-1.1102230246251565e-16,11.375963193090803,46.72043765647331,0.0,16.955370929604133,74.96119410509698,10.65488801307084,110.71266862660362,64.70626928527834,186.0738259249528,328.4009381175567,-224.0370464005802,0.0,305.59323472377406,81.55618832319385,1.0,0.00011331891222813198,0.0,8.48528137423857,5.1637734422482335,13.332278081434087
879,11.256087518694056,0.008546753299281293,0.0,2.219361081377554,7.34941474827284,-1.8735013540549517e-16,8.25258874662481,37.44836828213161,0.0,14.974384999026434,48.08825128348118,-5.551115123125783e-17,11.51235954990949,52.44292782362831,0.0,17.304548726313772,64.45610906247677,11.033731872280343,112.11610304953393,66.26721120319611,189.4170461250104,336.53505711597575,-223.0978022123937,0.0,310.143057911291,87.04525569889731,1.0,0.0001145140506042433,0.0,8.48528137423857,5.049737830885353,12.749926080337357
908,11.503494263099528,0.007290503586568641,-1.0408340855860843e-17,2.2993067916765715,7.130184962881099,-1.97758476261356e-16,8.70328959073053,55.659330158521115,8.673617379884035e-17,14.962270818739475,51.90421393705925,-8.673617379884035e-17,11.770433181093521,62.47040672990471,2.220446049250313e-16,17.76724932754598,71.51160858759029,11.962922490309193,111.93477402665141,69.27154863529367,193.1692451522543,347.6730839276873,-227.25104479805097,0.0,329.13741715587247,101.8863723578215,1.0,0.00011446226998968225,0.0,8.48528137423857,5.088701396806681,12.947440952931135
943,11.751237105996076,0.007786757462437304,6.938893903907228e-18,2.509224911043743,9.489406236515938,-1.7694179454963432e-16,8.790648408204774,44.58092938199371,5.551115123125783e-17,14.94281401559996,60.541861996935296,-1.3877787807814457e-16,11.972424031384675,54.03556448397289,-1.6653345369377348e-16,18.052881293868715,72.49045921859695,12.894240583061963,111.6438453524053,71.66946859363861,196.20755452910586,355.8717843355835,-238.26587710103792,0.0,331.20983026152805,92.94395316049014,1.0,0.00011585665177807236,0.0,8.48528137423857,5.1742624784172095,13.386496097778103
978,12.007032741830667,0.007732850661005636,1.0408340855860843e-17,2.6948830897155465,8.748417426491326,-2.671474153004283e-16,8.814679063206949,35.87970661170415,4.163336342344337e-17,14.828556971994994,54.54388538407521,5.551115123125783e-17,12.37069653695882,53.107794550894226,-5.551115123125783e-17,18.502840580175643,72.144631264376,13.723925138086095,109.94305093585065,76.51706640476245,200.1840424786992,369.1369884580181,-231.33121462760744,0.0,340.0518801636675,108.72066553606004,1.0,0.00011541072170304618,0.0,8.48528137423857,5.003103491728018,12.51552227447054
1014,12.254898208744109,0.00644300219001621,0.0,2.7796939204318614,8.711355444427673,-2.255140518769849e-16,8.91620001699385,42.85261739025046,2.0816681711721685e-17,14.976907289126254,61.93487795189455,0.0,12.469225983202117,46.3856607282662,-5.551115123125783e-17,18.705545866610382,69.13974797242028,14.373408517439826,112.15387597354157,77.7407983100814,204.2680828010628,376.4811915764676,-232.9445108284116,0.0,318.23130074313383,85.28678991472222,1.0,0.00011526809618691985,0.0,8.48528137423857,5.145646797043382,13.238840479961407
1053,12.5017684870784,0.006667125692675762,-6.938893903907228e-18,2.7115635481809135,8.729081861148197,-2.42861286636753e-16,9.260493827754832,39.81476043400859,2.7755575615628914e-17,14.881144066507508,58.774695361329904,-5.551115123125783e-17,12.25166446047781,47.35012312364937,-1.3877787807814457e-16,18.403140828840456,68.62624739059555,14.127707966741962,110.72422436407581,75.05164102606753,199.90357335688532,366.3976243218091,-263.69456124096786,0.0,284.0639522874394,20.36939104647155,1.0,0.00011924591236342075,0.0,8.48528137423857,5.5202210450679585,15.236420193205593
1089,12.754510687329955,0.007288696931862337,0.0,2.6550449555170887,9.571770353814227,-2.498001805406602e-16,9.03610382803968,40.084711769679515,1.1102230246251565e-16,14.739209054570978,55.514990742430825,-5.551115123125783e-17,11.898139064604335,49.384636179337036,-1.3877787807814457e-16,17.78392797673714,71.44940073843125,13.844786645402799,108.62214177717352,70.78285660033184,193.24978502290816,349.42502707931897,-270.0084679496431,0.0,267.4567128677602,-2.5517550818829022,1.0,0.00012126433331475051,0.0,8.48528137423857,5.323084553649907,14.167614582653115
1122,13.001736291546829,0.007782643627976255,1.3877787807814457e-17,2.776572011249555,9.940018824242475,-2.185751579730777e-16,9.204071753573642,34.35963502061226,1.3877787807814457e-16,14.744974043975821,63.878724857878794,2.7755575615628914e-17,11.783304308892284,52.61836905302089,-2.220446049250313e-16,17.430788603982492,75.35112076463011,14.696351775700645,108.70712977876035,69.42313021797972,192.8266117724407,344.28448765673636,-249.29253989770353,0.0,289.11371705914735,39.82117716144381,1.0,0.00011898018394080764,0.0,8.48528137423857,5.14788762753875,13.250373512883268
1156,13.255696761436246,0.006710749657585083,2.7755575615628914e-17,2.860526473539974,9.190819196762682,-2.220446049250313e-16,9.287526945524872,35.601869503462964,1.249000902703301e-16,14.80688044264705,58.57436495440295,-5.551115123125783e-17,11.95026802327513,48.165875567896535,-1.5265566588595902e-16,17.984061902477904,67.71588517915168,15.247391955878433,109.62185422142181,71.40445291405607,196.27369909135632,355.0033022836948,-244.10626540013908,0.0,345.9861277161116,101.8798623159725,1.0,0.0001180149614124856,0.0,8.48528137423857,5.156830959921994,13.296452774604994
1194,13.50555266768221,0.0061904570586249295,-1.3877787807814457e-17,2.918690875133539,10.984249001746182,-2.498001805406602e-16,9.467575320656367,45.75855610173298,9.71445146547012e-17,14.690041953970677,54.960271300651634,-1.3877787807814457e-17,12.16593577333385,56.38057294934603,-1.3877787807814457e-16,18.37021615088343,86.3098987832386,15.366838210077244,107.89866630470928,74.00499662044213,197.27050113522864,362.39100494181895,-245.92005934120675,0.0,334.05953509672617,88.13947575551941,1.0,0.0001171546616611123,0.0,8.48528137423857,5.066637582043995,12.835408193890311
1235,13.751069151873544,0.005409686508734423,2.0816681711721685e-17,2.971001977741055,10.619257406399303,-2.0816681711721685e-16,9.20331710102271,36.74339872155733,1.0408340855860843e-16,14.81095442980627,54.439878475781335,0.0,12.486297269723524,56.49268811131074,0.0,18.43789645642118,76.66017550973358,15.576789960787792,109.68218556089899,77.95380975395258,203.21278527563936,372.95472197877325,-224.6114873619669,0.0,325.2836195137978,100.67213215183091,1.0,0.0001146501123390969,0.0,8.48528137423857,4.940671263861805,12.205116268774905
1281,14.00562434588698,0.006985931843573575,0.0,2.918866784230881,8.778286229722053,-1.942890293094024e-16,9.265683350851742,38.51017500028211,8.326672684688674e-17,15.23399974575776,54.39710406451322,-1.6653345369377348e-16,12.638350414577047,62.016928559916366,-5.551115123125783e-17,18.605744284658932,80.54436770990543,15.568337810334421,116.03737412687377,79.86395060081992,211.4696625380281,384.80051764309997,-225.83334632953932,0.0,326.99666489623615,101.16331856669683,1.0,0.00011442403847641296,0.0,8.48528137423857,5.175496617097044,13.39288261679147
1318,14.25488503677171,0.0065029998780937225,6.938893903907228e-18,2.880796514340934,9.841805919423985,-2.0816681711721685e-16,9.344460775030266,44.564941118699466,1.1102230246251565e-16,15.761283992675473,58.350571516680645,1.3877787807814457e-16,12.733831830240698,60.11392038179856,-1.1102230246251565e-16,19.221331254465273,83.09314750301436,14.963296816259252,124.20903654888406,81.07523654042558,220.2475699055689,401.076891748343,-235.0653682105362,0.0,362.56103529816113,127.49566708762492,1.0,0.00011500541689575105,0.0,8.48528137423857,5.050770887912222,12.755143281090806
1354,14.505076216701445,0.006540290883770027,1.3877787807814457e-17,2.9712856135382624,9.878375701059085,-2.220446049250313e-16,9.294244451197388,45.3612254211677,-5.551115123125783e-17,16.42908940038923,61.256601181421075,-8.326672684688674e-17,12.97199622772509,49.71057097882553,-5.551115123125783e-17,20.10614317074074,82.50369538828221,14.966220298267404,134.95748926299086,84.136343066057,234.06005262731526,427.34578385799983,-240.93770301890862,0.0,410.2907838438023,169.35308082489365,1.0,0.00011600499396749049,0.0,8.48528137423857,5.15830417266177,13.304050968849914
1392,14.751586253505893,0.006301905823857003,0.0,3.101601581957722,9.467984294275997,-1.942890293094024e-16,9.861402455573085,53.06532158091957,4.5102810375396984e-17,17.1557233594726,65.63907372288911,-8.326672684688674e-17,13.397309508559207,54.472235122432494,-4.85722573273506e-17,20.67405779271885,74.31503054074125,16.27557260069478,147.1594219933769,89.74395103406546,253.17894562813711,458.32539637870593,-237.42507793271562,0.0,426.1628137351854,188.73773580246979,1.0,0.00011629177617521849,0.0,8.48528137423857,5.2015380210998945,13.527998892473901
1434,15.002490567838931,0.005584903004263087,0.0,3.3594710207058056,11.430192043625933,-2.5673907444456745e-16,9.825486630751136,40.5853820162064,0.0,17.467662719311043,76.25307230426594,0.0,14.162012976608324,56.93237598397306,-5.551115123125783e-17,21.409112095041067,69.7860152170811,17.889992784749182,152.55962043780445,100.28130577481126,270.7309189973649,494.7667465606452,-259.9920312271085,0.0,471.561520167205,211.5694889400965,1.0,0.00011902324559024778,0.0,8.48528137423857,5.347638318625112,14.298617793413808
1481,15.253671150579468,0.0054208350006354124,0.0,3.4079198664099954,11.560859556698862,-2.7755575615628914e-16,9.916550031444261,48.83242418572411,0.0,17.484900834298053,66.6942447198577,-2.7755575615628914e-17,14.852198516389718,58.845467771673924,-5.551115123125783e-17,22.25491886829506,81.25657480984387,18.381872239052242,152.86087859261835,110.29390038512446,281.53665121679506,525.5565333372062,-289.69880331443477,0.0,478.67370596593173,188.97490265149696,1.0,0.00012385334812356914,0.0,8.48528137423857,5.68946668951082,16.185015605526605
1529,15.503676236203669,0.005574945299594094,1.3877787807814457e-17,3.521750016636274,11.725954142461992,-3.0531133177191805e-16,9.796841652247899,43.06600840678985,0.0,17.599592229813965,67.91268234693383,5.551115123125783e-17,15.27461702258508,67.02443781628031,-2.220446049250313e-16,22.618860285538,88.00597379710071,18.69233722072042,154.872823327864,116.65696259332294,290.2221231419074,545.0145527017361,-311.8009648230245,0.0,462.3876519954904,150.58668717246587,1.0,0.00012583065745969832,0.0,8.48528137423857,5.498132684592454,15.11473150869191
1574,15.751316672054024,0.005498398595162928,-2.7755575615628914e-17,3.633700047743938,11.439201997877515,-2.7755575615628914e-16,9.899662972615758,48.0843028229467,0.0,17.673230714119395,63.423943691035106,0.0,15.737986402824655,71.82792160097642,0.0,23.16994360758336,77.45053522762639,19.7524592841377,156.17154193724656,123.84210800774683,299.7661092291311,568.556714667098,-321.11431515519433,0.0,492.95243481696724,171.8381196617729,1.0,0.0001268660816825821,0.0,8.48528137423857,5.677726409933981,16.118288593030904
1616,16.00506669056591,0.005677630075265702,-1.3877787807814457e-17,3.8731116747877192,11.997089933972823,-3.7470027081099033e-16,10.266886663627867,46.86696640871176,-2.0816681711721685e-17,17.568377794748514,63.5023584471804,-5.551115123125783e-17,16.40490360365376,66.09784278274135,-5.551115123125783e-17,24.036969763902597,86.96474496013471,21.3967313110253,154.32394916950628,134.56043112258612,310.28111160311767,600.841039892011,-329.76498135264154,0.0,537.6627429421067,207.89776158946512,1.0,0.00012869661956139126,0.0,8.48528137423857,5.783871517282636,16.726584864216672
1659,16.2526672034524,0.00556285806536978,2.7755575615628914e-17,4.12457764158988,12.343620614154663,-3.2699537522162814e-16,10.647268715876937,43.88117710222665,6.938893903907228e-18,18.01370888091788,66.46676822479466,4.163336342344337e-17,16.8318201433053,70.51235348844321,5.551115123125783e-17,25.14790391523691,96.30552291075884,22.79616445827437,162.24685382322977,141.65508466828902,326.69810294979317,639.1057968771789,-342.1243803465358,0.0,579.4484689941658,237.32408864762994,1.0,0.00013010773540460727,0.0,8.48528137423857,5.696991398943721,16.22785549981937
1704,16.50390969853863,0.005282096678771095,-1.3877787807814457e-17,4.177298883545017,12.218176383083408,-3.608224830031759e-16,10.697479958445058,47.892164216656205,-2.7755575615628914e-17,18.61770963311775,71.35615579328234,0.0,17.07451861127841,72.06083894161428,0.0,25.925351218755505,99.62711856610845,23.219181274188916,173.30955599154282,145.76959290344638,342.29833016917814,669.5413587428978,-367.60283245776986,0.0,583.463054721356,215.86022226358614,1.0,0.0001339530265853619,0.0,8.48528137423857,6.046896332412815,18.282477627473774
1751,16.752686537100516,0.005445264826502013,-2.0816681711721685e-17,4.235009064873316,13.593657872460664,-2.983724378680108e-16,10.748083347770761,45.28064470138043,-2.7755575615628914e-17,18.878856125367168,75.38284320549366,-2.7755575615628914e-17,17.369982138517333,61.465842160633954,-1.1102230246251565e-16,26.072112901953748,89.65226252827313,23.243818593458652,178.2056043011567,150.85813974620558,352.30756264082095,686.6995716035266,-385.821690472933,0.0,557.5895434804785,171.76785300754545,1.0,0.00013697772334953518,0.0,8.48528137423857,6.135776469381491,18.823876441107796
1800,17.00398232409579,0.00501617906746962,1.3877787807814457e-17,4.381138081923028,12.707667876326946,-3.642919299551295e-16,10.82855462292059,46.15352050188331,0.0,19.174368049837465,74.31120655872313,2.7755575615628914e-17,17.886351905276747,64.6776857488865,-5.551115123125783e-17,26.555491364280712,103.95558259408276,24.544296519553246,183.82819505531384,159.9607922396986,368.3332838145657,718.6964888858288,-385.8989075719844,0.0,616.5535078386584,230.65460026667404,1.0,0.0001369484283957232,0.0,8.48528137423857,5.933579755224674,17.603684355806053
1850,17.251218992268495,0.004751285788336403,-2.7755575615628914e-17,4.574240063358245,13.136775089911431,-3.469446951953614e-16,11.435213928521511,55.26350618344992,1.1102230246251565e-16,19.700317997233697,76.50416708561622,-5.551115123125783e-17,18.531708719725586,76.92705941483709,-1.6653345369377348e-16,27.59650621399275,106.00742097531727,26.540163444257523,194.05126459606493,171.71211403637668,392.30354207669916,769.6387880221898,-392.84115773042396,0.0,701.3865935051572,308.5454357747332,1.0,0.00013768347885407915,0.0,8.48528137423857,6.206610559169943,19.261007316599915
1904,17.501972364829616,0.004569689454911288,-1.3877787807814457e-17,4.915218153127407,14.687389506073421,-3.434752482434078e-16,11.244745333090133,47.85924213574344,2.7755575615628914e-17,19.869824558354882,65.47452700728856,0.0,19.40729020774802,86.54517144247271,-1.1102230246251565e-16,29.240153083526007,114.79138448483997,28.033075169554593,197.40496398990135,188.32145660387607,413.759495763332,832.9273215011776,-430.7988754302709,0.0,793.5701833969323,362.77130796666137,1.0,0.00014165406468025522,0.0,8.48528137423857,6.219815574520914,19.343052890526465
1955,17.754951874770846,0.005152023893319184,-1.734723475976807e-18,5.076596357646869,15.262488240483208,-2.6020852139652106e-16,11.547265444769682,48.19861604652226,-1.1102230246251565e-16,20.70648563822677,88.5643131382593,0.0,19.868082705906268,79.24125342886585,-1.1102230246251565e-16,30.339436217735535,112.81142423997443,29.748313931748953,214.3792737430457,197.37035520436586,441.4979428791605,887.3982733862379,-431.09928678680143,0.0,758.5110294553683,327.4117426685669,1.0,0.00014304216261309914,0.0,8.48528137423857,6.415035081717991,20.576337549836275
2005,18.00224899837189,0.005240574416936507,-1.3877787807814457e-17,5.333585498493047,16.529574322779645,-2.480654570646834e-16,11.76136004803676,56.26645272498061,5.551115123125783e-17,21.14931450930172,75.93948042850393,0.0,20.17490248614883,95.40466955429149,-1.1102230246251565e-16,29.932700107935236,109.83945746972569,31.393672703892,223.6467521066801,203.51334516280716,458.5537699733793,903.9780797891145,-461.87520160245947,0.0,641.6862549409597,179.8110533385002,1.0,0.0001443860584881002,0.0,8.48528137423857,6.402508096870842,20.496054965248348
2058,18.25463783556746,0.004684032287396573,0.0,5.353281713136422,15.213718876736344,-2.914335439641036e-16,11.600413624382124,48.583983010686836,5.551115123125783e-17,22.042642794221795,89.15745945503856,0.0,20.207466458310783,90.00724054227943,-2.220446049250313e-16,29.56941629380362,109.76785238605,31.579498805656065,242.939050676829,204.1708503318776,478.6893998143627,918.9348527344301,-472.23021726784685,0.0,650.0205400903538,177.790322822507,1.0,0.0001441157187463366,0.0,8.48528137423857,6.358062343451731,20.21247838160946
2115,18.50157115175028,0.003976226885697918,-4.163336342344337e-17,5.426319761340133,16.322279420472878,-2.498001805406602e-16,12.042807223543306,54.58072268452395,-6.938893903907228e-17,22.980265600095365,91.87145770782901,-5.551115123125783e-17,20.364456749666157,74.4074390125842,0.0,29.684512437844905,120.86197477063533,32.57497387162608,264.04630352546314,207.35554935451168,503.9768267516009,949.2483513477061,-497.0730372788757,0.0,745.233319514134,248.1602822352583,1.0,0.0001478761431260499,0.0,8.48528137423857,6.534339402328851,21.348795712413683
2181,18.751745799336252,0.003538577595610033,-3.469446951953614e-17,5.4614991315837775,16.861418195477704,-2.1684043449710089e-16,12.184292570447795,58.835532897749914,2.7755575615628914e-17,23.801246139070816,95.85460834611321,-1.3877787807814457e-17,20.618617303186827,95.06018077493607,-2.220446049250313e-16,30.648144960721016,132.9237775885409,33.110271264073475,283.24965888631675,212.56368974763762,528.9236198980279,995.1006828196751,-527.0123301855625,0.0,824.1630193807822,297.1506891952197,1.0,0.00015244011588503963,0.0,8.48528137423857,6.935539244365776,24.0508523050689
2248,19.002229464564245,0.00383682037072451,1.3877787807814457e-17,5.502485525344522,18.13524302495024,-2.0816681711721685e-16,12.872436957750129,59.15633621932263,-1.6653345369377348e-16,23.974510013669747,91.34408433969062,2.7755575615628914e-17,20.64604465776436,107.00174313235873,-1.1102230246251565e-16,30.71500755822027,125.45786764882584,35.25131867126143,287.38856519777545,213.12958000520013,535.7694638742371,1003.6201999908499,-640.0415812818035,0.0,809.0518105441575,169.01022926235407,1.0,0.00015996043390505846,0.0,8.48528137423857,7.270897012794243,26.432971685330124
2306,19.252504258366304,0.004250084737728375,-2.7755575615628914e-17,5.549390793829088,17.270091947632217,-2.8449465006019636e-16,13.855342314847212,60.151378826888376,5.551115123125783e-17,23.967046110829063,105.50354936461878,-4.163336342344337e-17,20.680144046450152,90.36846268427873,-5.551115123125783e-17,29.756556072942033,125.37062768771673,37.3112299422004,287.2096496393033,213.8341788909638,538.3550584724675,991.2614472804098,-663.3960701749463,0.0,770.7087993854566,107.31272921051027,1.0,0.00016409392027505676,0.0,8.48528137423857,7.338507454842352,26.926845832388388
2364,19.50226365187311,0.004287275221621748,-1.3877787807814457e-17,5.749645629016081,18.665964728831014,-2.671474153004283e-16,13.932801597508242,54.8450098223513,-1.1102230246251565e-16,23.748185609993453,91.69866755510706,1.1102230246251565e-16,21.19374805799714,107.71425835118751,-1.5265566588595902e-16,30.26393149323571,133.4520085161651,39.26679085052037,281.9881598833501,224.58747837292884,545.8424291067993,1017.7244058250893,-696.1252066313842,0.0,963.9615331979307,267.8363265665465,1.0,0.0001660352668557711,0.0,8.48528137423857,7.4190005623939745,27.520784672401057
2426,19.753785691706305,0.004000373545172473,-1.5612511283791264e-17,5.96285222790277,18.350173246367852,-2.498001805406602e-16,13.603536402399502,56.03168786017418,-3.469446951953614e-17,24.506332277953216,100.13973214748134,-2.7755575615628914e-17,21.560231196097416,109.95137841577429,-5.551115123125783e-17,32.35287333790482,146.06811238375312,39.83726991967766,300.2801608587259,232.4217846145861,572.5392153929897,1087.5722715765742,-681.5413732035124,0.0,1126.3489999570443,444.80762675353185,1.0,0.00016506718593560477,0.0,8.48528137423857,7.270797761207691,26.432250042191384
2500,20.001223803362052,0.0034005391572455813,-4.163336342344337e-17,6.17752377088309,19.826661413859618,-2.7755575615628914e-16,14.358608918794115,62.87390490519722,0.0,25.203714110005283,93.98873275008111,0.0,22.08911325004999,93.31523573621408,-1.1102230246251565e-16,33.49368160006044,133.82525823625537,42.901217854027706,317.6136024694397,243.96446208676699,604.4792824102344,1151.3369554210828,-687.0633794687989,0.0,1123.7199086751257,436.6565292063268,1.0,0.00016563443557794717,0.0,8.48528137423857,7.419124220705214,27.521702101127378
2573,20.251389355513357,0.0033803110982660286,0.0,6.501478759661343,19.357110251267667,-2.38524477946811e-16,14.55977617316474,76.73140802379925,-2.220446049250313e-16,26.64286164451911,144.01556878913453,0.0,21.637520608414174,84.6404237450137,0.0,33.36013277697863,132.9108098405213,45.93477784968622,354.9210383044939,234.09114903977402,634.9469651939542,1169.5206981360918,-771.909690049192,0.0,1029.2522556933484,257.34256564415637,1.0,0.00017224383501565938,0.0,8.48528137423857,7.728852873662282,29.867583371358855
2653,20.50152130272498,0.003294830090199801,0.0,6.151711319312385,21.393777521147932,-2.5673907444456745e-16,14.653562562801152,62.76693504920628,-5.551115123125783e-17,27.9681898838657,159.66999257912772,-1.1102230246251565e-16,20.502996549573552,75.69953703994787,0.0,31.024065181665872,127.00677652574305,45.086248346798456,391.10982268998384,210.1864337559125,646.3825047926948,1116.4419460555955,-807.9342791539544,0.0,804.9176668157003,-3.0166123382541628,1.0,0.00017443981516154618,0.0,8.48528137423857,7.744683516608108,29.99006138621066
2729,20.75274705164297,0.00330497998593544,0.0,5.831873209713443,19.863686950436563,-3.122502256758253e-16,15.123984166518072,74.17955717643918,-1.1102230246251565e-16,28.32774322725428,132.26446175419198,-5.551115123125783e-17,19.475880642348248,70.71700538819731,0.0,27.732528567107636,107.6105661178892,44.58226247489024,401.23051817462544,189.65496339749757,635.4677440470132,1032.7778554403799,-882.995668327512,0.0,752.8798911150102,-130.11577721250183,1.0,0.0001782838475481245,0.0,8.48528137423857,7.827559234923341,30.63534178811684
2804,21.002214142318785,0.0031995348434843422,-5.551115123125783e-17,6.357761997338421,18.699051786967175,-2.42861286636753e-16,15.192482829106934,72.85169861118781,-2.220446049250313e-16,27.81390690548278,126.28179790008558,0.0,20.078028139068063,82.52306044076934,2.220446049250313e-16,26.728787090685397,93.1285628335746,47.6644459996036,386.8067086734313,201.56360697660446,636.0347616496393,1030.4939446478252,-863.0979647782589,0.0,1036.3778973822093,173.27993260395044,1.0,0.00017447886125120427,0.0,8.48528137423857,7.659512395733233,29.33406507019553
2884,21.25269559368931,0.0031085616998236766,0.0,6.650599291999264,22.964842901142717,-3.3306690738754696e-16,15.65826286894438,79.13805244822525,-2.7755575615628914e-17,27.54174961655728,125.87863069476342,-2.220446049250313e-16,20.85426743437412,87.54222865083997,-2.220446049250313e-16,27.616997115703928,103.40679394383534,50.05197823195415,379.27398597056646,217.4502351121984,646.776199314719,1070.1550374428932,-825.8369735105776,0.0,1152.7607250567523,326.9237515461747,1.0,0.00017527363131729175,0.0,8.48528137423857,7.888439118066198,31.113735859718506
2958,21.502515682733872,0.0033683693355965566,-6.938893903907228e-18,6.999002246400251,21.862980458504275,-2.7755575615628914e-16,15.71448963478053,65.42215889621089,2.7755575615628914e-17,27.762319637259377,99.67410496747516,5.551115123125783e-17,21.574304925705903,101.92753399874869,5.551115123125783e-17,29.99002706822141,124.3411296727785,53.79681038043511,385.37319582067886,232.72531651366904,671.895322714783,1147.4591045876682,-871.4603545613369,0.0,1365.3562386663245,493.89588410498766,1.0,0.00017660213434301595,0.0,8.48528137423857,7.684579090458302,29.52637789875447
3036,21.751042032084058,0.003361496891663512,-1.734723475976807e-17,7.195064768257593,22.317292338670107,-2.706168622523819e-16,15.223220692651159,71.45690798964867,0.0,28.272987764190745,96.47769908374534,-1.1102230246251565e-16,22.362769828540902,93.12079555991527,1.6653345369377348e-16,32.08430027372075,136.49749860042243,55.1615598929037,399.6809185570399,250.04673720214961,704.8892156520932,1232.8745803488973,-886.4224761228918,0.0,1429.9663066135888,543.543830490697,1.0,0.00018033736167779327,0.0,8.48528137423857,7.98664267504523,31.893230609426816
3115,22.000028358762385,0.0030176437485607004,6.938893903907228e-18,7.1386260966215715,22.0616654980521,-2.983724378680108e-16,15.598019728850824,69.66732053677042,0.0,29.762872244884278,111.95176970886558,1.1102230246251565e-16,22.543441809898336,93.61760172701128,2.220446049250313e-16,33.10707069624804,143.60986380894985,55.03504412585826,442.91428213265135,254.1033843181362,752.0527105766457,1302.0971900181005,-914.9709170645059,0.0,1399.8430862149858,484.87216915047986,1.0,0.00018001819218042852,0.0,8.48528137423857,7.842900564210035,30.755544630043048
3203,22.252199648539488,0.0027495242572029436,-2.7755575615628914e-17,7.621790887907942,26.158718393040072,-2.498001805406602e-16,15.397639705156879,67.69667436355653,0.0,31.21673063318279,116.25990430718448,-5.551115123125783e-17,23.33849208532671,101.43057858411652,1.6653345369377348e-16,33.98482063825583,116.48657619276733,58.23176452316589,487.24213571234657,272.34260640842876,817.8165066439412,1402.000482182263,-904.9204103553575,0.0,1513.614170094157,608.6937597387996,1.0,0.000180184983104672,0.0,8.48528137423857,8.02929704280347,32.23480550078628
3286,22.50137069579384,0.0030644363172683,-3.469446951953614e-17,8.341985865855946,26.858783180112795,-2.983724378680108e-16,15.420570132412864,68.14954306169912,-1.1102230246251565e-16,32.73774394794299,118.60260851360131,-1.1102230246251565e-16,24.69684586269524,98.99262550358726,5.551115123125783e-17,34.82603622450214,138.48819348060493,65.08978100818433,535.8799394005389,304.9670977828634,905.9368181915866,1538.3741717342407,-907.7023188141711,0.0,1675.4804450825095,767.7781262683384,1.0,0.00017806290986820377,0.0,8.48528137423857,7.749786512717256,30.02959549634714
3368,22.752033108269305,0.003236381683552068,-2.7755575615628914e-17,8.798080210523269,24.84661316084309,-2.914335439641036e-16,16.436734501293742,73.97085994292938,-9.71445146547012e-17,33.91967640523585,123.26584793870191,-1.6653345369377348e-16,26.47129237150346,109.35285516166853,1.1102230246251565e-16,36.08683272329021,152.71393769444035,72.90081872925373,575.2722237179565,350.36465990880856,998.5377023560188,1700.5124261844842,-988.5402042289359,0.0,1857.6704541115346,869.1302498825987,1.0,0.0001863125301197739,0.0,8.48528137423857,8.381969844720556,35.12870923890238
3450,23.00061081245883,0.0029033255448791422,0.0,8.991122625632247,26.139371335374893,-2.706168622523819e-16,16.620109987793363,71.0244809892269,-5.551115123125783e-17,35.44437706468872,121.64456850254906,-1.6653345369377348e-16,27.53472999762066,104.21073933966804,5.551115123125783e-17,37.31408755281155,135.64060733099126,73.28150610438058,628.151932751916,379.08067802093547,1080.514116877232,1835.526899970867,-1132.7323807744804,0.0,1941.5902124694069,808.8578316949265,1.0,0.0001960428123954106,0.0,8.48528137423857,8.913284331316895,39.723318785449635
3535,23.251063763089817,0.002782618312100186,-1.3877787807814457e-17,9.275552454817857,27.195544855200406,-3.469446951953614e-16,16.846048589774153,63.43405726127776,5.551115123125783e-17,36.443091056552326,120.20663128999854,-1.3877787807814457e-16,28.685830314934808,102.29728127406116,8.326672684688674e-17,37.87833651612126,143.64567502398873,77.8516490537034,664.0494428780821,411.43843042861636,1153.3395223604018,1952.1654146407195,-1304.9437578368456,0.0,2070.006741219595,765.0629833827493,1.0,0.00020250388855809904,0.0,8.48528137423857,8.911923442690686,39.71118972418991
3624,23.500235873791155,0.0027216904390886657,-2.0816681711721685e-17,9.959119561407658,27.602470366088227,-3.7470027081099033e-16,17.66821736697105,75.52363170437795,0.0,38.30270206801499,122.70806031487632,-2.220446049250313e-16,30.181753836083395,114.64903879171177,3.3306690738754696e-16,40.2200355357102,147.46878951763128,87.6340545134072,733.5484928555599,455.4691323109673,1276.6516796799344,2168.886651784225,-1366.254446491397,0.0,2556.604232332897,1190.3497858415,1.0,0.00020512405527317923,0.0,8.48528137423857,9.104665078934422,41.447463099783974
3718,23.752043787160126,0.00255143258348393,-4.5102810375396984e-17,10.909215289981365,30.454589360912973,-3.608224830031759e-16,17.904319219583137,83.39918822553223,-3.3306690738754696e-16,39.2504316387205,128.60751557851478,-1.1102230246251565e-16,33.449932977355815,128.07482601710632,3.3306690738754696e-16,44.06183375123721,153.12678689643764,100.90829485092239,770.2981919129354,559.4490080947979,1430.6554948586559,2514.2947052043037,-1364.1479897854538,0.0,3075.3736500699956,1711.2256602845418,1.0,0.00020533891026868793,0.0,8.48528137423857,9.00319983031358,40.52880359227923
3815,24.00036313409346,0.0027069331702025746,-5.551115123125783e-17,11.467430763788379,31.73037273017825,-4.145989107584569e-16,17.956208222042786,74.27906777925283,5.551115123125783e-17,42.234422090532306,139.0424240374801,0.0,35.09921617222948,134.11805546132447,-2.220446049250313e-16,47.95901739756606,194.22449608113158,108.4454114244297,891.8732046606216,615.9774879524477,1616.296104037499,2853.291776419758,-1523.1742765900133,0.0,3252.0647067992954,1728.8904302092822,1.0,0.0002136847678428924,0.0,8.48528137423857,9.682490217157905,46.87530840267927
3920,24.2516228992082,0.002253158324765404,-5.551115123125783e-17,11.996710188853353,32.28012022493387,-3.122502256758253e-16,20.37221426766284,102.25375079452834,0.0,44.070007514960814,148.95082650704566,-1.1102230246251565e-16,36.6837357401845,141.3741266339122,2.220446049250313e-16,50.490545249612346,212.07420543770954,120.48310479486065,971.0827811843515,672.8482339278448,1764.4141199070568,3125.5720469277526,-1962.4909959228619,0.0,3479.6528021667223,1517.1618062438604,1.0,0.00023670512023575232,0.0,8.48528137423857,10.66155487711316,56.83437619884769
4030,24.500818272293227,0.0022794109366769135,-6.938893903907228e-18,12.609702311976621,37.55417093990843,-2.636779683484747e-16,20.603460892284655,90.30963277073437,1.1102230246251565e-16,45.51117292741114,167.19238608046086,-1.1102230246251565e-16,37.948230788987026,149.44577494074895,3.3306690738754696e-16,51.62301407459145,184.9595953407223,130.77631638276353,1035.6334306143601,720.0341100071113,1886.4438570042348,3326.0105741906223,-2215.720400347349,0.0,3542.7956080901986,1327.0752077428497,1.0,0.00024293769777216623,0.0,8.48528137423857,10.821101669466877,58.548120670469416
4142,24.750273357456017,0.002172970374122385,-2.7755575615628914e-17,13.181167509493054,40.55116921898569,-2.220446049250313e-16,20.82038400305247,93.17719253033972,2.7755575615628914e-17,47.02095499857836,170.49350133653735,-2.220446049250313e-16,38.995255329145785,149.95230474799874,0.0,52.397587278680305,193.8348645350614,138.927418360148,1105.4851044891655,760.3149690926364,2004.72749194195,3506.3293922438547,-2310.139516734696,0.0,3571.7586720513696,1261.6191553166736,1.0,0.00024540864277599017,0.0,8.48528137423857,10.834056163058104,58.68838647214864
4268,25.00187338425398,0.0019884971213577052,0.0,14.016192421981563,42.11251046889869,-2.3592239273284576e-16,21.362267852494533,94.66275683102089,-1.1102230246251565e-16,48.86054422735811,175.50564324198885,-1.1102230246251565e-16,39.99875202576011,178.38912918211525,2.220446049250313e-16,53.74090894389793,234.15024250724957,156.41653209780407,1193.676391096809,799.9500818091244,2150.0430050037376,3729.7761162242705,-2618.552541306479,0.0,4123.866432730526,1505.3138914240471,1.0,0.00025688693679537137,0.0,8.48528137423857,11.63111126283274,67.6413746041973
4395,25.250118791460153,0.0018300719024953469,-1.3877787807814457e-17,14.492432694196946,49.24006976535685,-1.6653345369377348e-16,23.0822457047113,104.93837808342761,-2.220446049250313e-16,51.34559984348834,173.15176483976393,-2.220446049250313e-16,39.48452561432775,148.8146486591,2.220446049250313e-16,53.17718557473084,239.00456095349378,168.67035565939423,1318.1853116438147,779.5138814942518,2266.369548797461,3809.39295801704,-3144.339929288529,0.0,4178.97065408892,1034.630724800391,1.0,0.0002726387813688974,0.0,8.48528137423857,11.899277440796855,70.79640180652846
4538,25.501403010069772,0.0016908746834525643,-1.3877787807814457e-17,15.417629135625702,52.36800644162119,-1.6653345369377348e-16,22.753397172823092,93.51600952434426,8.326672684688674e-17,52.70617472096841,195.35158348144245,0.0,39.77720099060967,179.3085906112758,1.6653345369377348e-16,51.85633483752646,221.35401777754902,186.53971215422237,1388.9704268586247,791.1128593236796,2366.6229983365265,3883.7873126112536,-3457.3790996109233,0.0,4401.923745820916,944.5446462099931,1.0,0.0002756945132779955,0.0,8.48528137423857,11.836305030196584,70.04905838392848
4681,25.75156324833252,0.0016234424064563238,-5.551115123125783e-17,16.201552559391942,52.80465442759418,-1.0061396160665481e-16,22.904531248153848,124.11164591268646,5.551115123125783e-17,54.764214449290094,192.91495061566673,-8.326672684688674e-17,40.430152015327145,214.99971522914757,0.0,50.13285705429762,200.45592570949213,199.67664824795807,1499.559592123917,817.2985959912307,2516.5348363631056,4012.4253385895286,-3332.2520725922873,0.0,4426.7067360353685,1094.4546634430812,1.0,0.00027406404377800853,0.0,8.48528137423857,12.014424371189476,72.1731964855158
4826,26.00100791523032,0.0016685828874293525,0.0,16.21585639590297,52.118172109939,-1.942890293094024e-16,23.858828148952174,98.51649023517973,0.0,55.57128229107086,175.8198572733385,-1.3877787807814457e-16,41.633026008103954,175.5471168890648,5.551115123125783e-17,49.732668511487006,209.16195677253552,207.90746907783074,1544.0837077369424,866.6544272957301,2618.645604110503,4153.101377070065,-3589.7205345235166,0.0,4736.038344461069,1146.3178099375523,1.0,0.0002803935365903523,0.0,8.48528137423857,12.353332640735747,76.30241366633362
4993,26.25049655353789,0.0014800815653264882,-5.551115123125783e-17,17.414401752382325,54.13152057416119,-1.1102230246251565e-16,24.970008330929726,111.63937538834108,2.220446049250313e-16,56.51796388414343,188.95905930442228,-2.220446049250313e-16,44.61976371300105,181.18631794070677,-1.3877787807814457e-17,54.06719738192533,182.9030099249997,236.06655564161238,1597.1401208046705,995.4616569020225,2828.668333348305,4613.410685089068,-3530.8429216997315,0.0,5947.189160939269,2416.346239239537,1.0,0.0002790653711307122,0.0,8.48528137423857,12.428187689988462,77.22992462879037
5140,26.50083158230614,0.0016745262301051443,-2.7755575615628914e-17,18.16602279528305,55.495193408849175,-2.0816681711721685e-17,24.56202030288716,105.71273715448422,-9.71445146547012e-17,57.45525291747111,191.75983595395132,2.220446049250313e-16,47.11476895635793,183.04844840200818,0.0,58.89186512300278,189.74978379266526,251.7760523694234,1650.5530439052857,1109.9007269054941,3012.2298231802033,5058.558530055505,-3937.0266860901174,0.0,6347.696817132086,2410.6701310419685,1.0,0.00028435817190673897,0.0,8.48528137423857,12.534495942358726,78.55679426450368
5305,26.75089876133268,0.0014103621714588984,-2.7755575615628914e-17,19.226188427200942,60.43985530091382,-5.551115123125783e-17,24.84258724030115,117.96123231602475,-1.6653345369377348e-16,58.81364315956996,188.41453006489525,-2.220446049250313e-16,50.19074889938025,201.26911693954614,1.1102230246251565e-16,64.00909664483639,203.3435080128108,273.19289038077096,1729.522310850615,1259.5556375403198,3262.2708387717057,5628.060878699787,-3771.6804489090036,0.0,6717.018831919547,2945.338383010543,1.0,0.00028506742600572984,0.0,8.48528137423857,12.829683079508799,82.30038396031718
5492,27.000558090983173,0.0012567761927733772,0.0,19.874289644017217,61.780932856732704,-1.3877787807814457e-16,24.464781875896108,100.47835073337744,-2.220446049250313e-16,62.16776801826369,202.67855936007206,-1.1102230246251565e-16,52.24916863148887,254.80602239780637,0.0,70.06177393590136,241.2540974087721,286.8892006065209,1932.4156901863253,1364.9878113408804,3584.2927021337264,6274.616598576849,-3954.548347400355,0.0,7289.682500930052,3335.134153529697,1.0,0.0002902197529221417,0.0,8.48528137423857,12.965994913983366,84.05851205472126
5696,27.25012291386822,0.0013106796888661511,-1.3877787807814457e-17,20.262316211508427,62.075729566119236,-2.7755575615628914e-17,26.39065883469631,112.09627950012153,-1.1102230246251565e-16,64.56710754337745,215.39279875943998,-2.220446049250313e-16,53.588216526882476,216.45615273412074,0.0,73.30597095930618,304.74761283522014,290.2205626350252,2084.455688259034,1435.8484752660204,3810.52472616008,6697.289853563491,-4598.460399784434,0.0,7191.286424563276,2592.826024778842,1.0,0.0003037004226574375,0.0,8.48528137423857,13.405860373038335,89.85854617069977
5872,27.50003895434151,0.0014663530101360247,-5.551115123125783e-17,20.717793638974342,55.041665693229874,-2.498001805406602e-16,26.913622876883963,108.13817091509955,-1.1102230246251565e-16,68.40065954559292,230.70730501259612,0.0,54.0163788880903,228.8128641171519,2.220446049250313e-16,72.71270276163112,267.38778298541234,302.1411880042918,2339.3251131360553,1458.8845940908634,4100.35089523121,6986.762517905429,-4950.469060965634,0.0,7095.873607163594,2145.4045461979604,1.0,0.00031938583917725464,0.0,8.48528137423857,14.46358271026031,104.59761240827049
6048,27.751040533887313,0.00138391010231396,-1.3877787807814457e-17,20.846838713901835,63.17515738779336,-1.1102230246251565e-16,25.43727690658721,111.5323903173107,0.0,72.56564770513387,237.66224411976913,0.0,51.79023065686406,207.18709333381003,0.0,66.24699932660506,265.1050149013344,305.22367627279635,2632.886613432799,1341.1139957455912,4279.224285451186,6805.277809537165,-5955.965302768357,0.0,6372.612076545394,416.6467737770372,1.0,0.000329032274383916,0.0,8.48528137423857,14.223606515697842,101.15549115670106
6246,28.000590721498202,0.0011360607749826101,-2.7755575615628914e-17,21.557250581937772,73.00042883285568,-1.1102230246251565e-16,27.919482447956195,117.77528808144453,-1.1102230246251565e-16,75.624564021067,227.27507230067977,0.0,52.0637933408153,239.04058264933772,8.326672684688674e-17,61.80568171311977,218.2821507220237,337.05601247947664,2859.537341688231,1355.3192885175615,4551.912642685269,6938.6163500491675,-5903.175590310578,0.0,7344.40037824016,1441.224787929582,1.0,0.00032784990877352834,0.0,8.48528137423857,14.559451225266493,105.98880999045699
6475,28.250373680205932,0.000992401554552853,-5.551115123125783e-17,22.469916355640105,74.25203404075478,-3.3306690738754696e-16,29.156902207844222,122.91743475677387,2.7755575615628914e-17,77.43152303505963,252.74520478883136,6.938893903907228e-17,55.63072109139748,219.70352164742093,5.551115123125783e-17,65.16622345602325,275.9727428704384,371.68809855564706,2997.820379764484,1547.3885645744278,4916.8970428945595,7610.877510939483,-5960.646399658026,0.0,9488.431933952743,3527.785534294717,1.0,0.00032504908375085054,0.0,8.48528137423857,14.440187200264369,104.25950318933945
6717,28.500016437504055,0.0010303414854099917,-8.326672684688674e-17,23.957445306260457,78.53360939636123,-3.3306690738754696e-16,27.95361222182809,115.76696056065568,-4.440892098500626e-16,82.19010316972408,247.2396432712195,-5.551115123125783e-17,56.28566191049339,244.8543189065092,1.1102230246251565e-16,70.30040824912601,305.31983716115553,414.42052715680234,3377.6065295249437,1584.0378683511833,5376.06492503293,8294.482591382433,-7096.801842469649,0.0,10801.959675351785,3705.157832882136,1.0,0.0003407801854616121,0.0,8.48528137423857,14.442598899278067,104.29433148271403
